customerID,gender,SeniorCitizen,tenure,PhoneService,InternetService,MonthlyCharges,TotalCharges,Churn
CUST00001,Male,0,14,Yes,DSL,37.58,519.46,No
CUST00002,Male,0,22,Yes,Fiber optic,59.07,1484.83,No
CUST00003,Male,0,51,Yes,DSL,55.89,2376.49,No
CUST00004,Male,0,26,Yes,Fiber optic,83.13,2290.45,No
CUST00005,Female,0,9,Yes,Fiber optic,94.37,931.62,Yes
CUST00006,Female,0,6,No,DSL,74.36,457.58,Yes
CUST00007,Male,0,17,No,Fiber optic,49.54,724.76,No
CUST00008,Female,0,20,No,DSL,62.47,1299.36,No
CUST00009,Male,1,11,No,DSL,72.55,818.69,No
CUST00010,Female,0,48,Yes,No,20.44,1115.5,No
CUST00011,Male,0,28,Yes,Fiber optic,29.32,1067.06,No
CUST00012,Female,0,48,No,Fiber optic,81.06,4252.54,No
CUST00013,Female,0,72,Yes,No,33.27,1709.85,No
CUST00014,Male,0,66,Yes,Fiber optic,33.77,2134.34,Yes
CUST00015,Male,0,0,Yes,No,62.2,,No
CUST00016,Female,0,69,No,DSL,68.69,4542.7,No
CUST00017,Male,0,6,No,Fiber optic,99.69,610.41,No
CUST00018,Female,0,13,No,DSL,95.41,1153.67,No
CUST00019,Female,0,9,Yes,No,84.96,826.74,No
CUST00020,Male,0,7,Yes,DSL,97.79,655.37,No
CUST00021,Female,0,33,No,DSL,30.23,1158.28,No
CUST00022,Female,0,9,Yes,DSL,75.31,731.32,No
CUST00023,Female,0,28,Yes,DSL,65.27,1957.96,No
CUST00024,Female,0,32,No,Fiber optic,95.45,2816.17,No
CUST00025,Male,1,30,Yes,DSL,50.22,,No
CUST00026,Female,0,48,Yes,DSL,57.28,3183.24,No
CUST00027,Female,0,12,Yes,Fiber optic,26.34,272.34,No
CUST00028,Female,0,38,Yes,Fiber optic,54.52,1900.0,No
CUST00029,Female,0,65,Yes,DSL,31.18,2512.14,No
CUST00030,Female,0,0,No,Fiber optic,66.97,,No
CUST00031,Female,1,23,Yes,Fiber optic,28.84,,Yes
CUST00032,Female,1,0,No,Fiber optic,82.93,,Yes
CUST00033,Female,1,14,Yes,No,76.54,1172.59,No
CUST00034,Female,0,12,No,Fiber optic,34.86,374.23,No
CUST00035,Female,0,69,No,DSL,87.47,5721.77,No
CUST00036,Male,0,70,Yes,Fiber optic,74.33,,Yes
CUST00037,Female,0,7,No,DSL,83.31,652.2,Yes
CUST00038,Female,0,5,Yes,DSL,91.86,435.82,Yes
CUST00039,Male,0,51,No,Fiber optic,71.33,3659.76,No
CUST00040,Female,1,16,No,Fiber optic,38.06,675.22,No
CUST00041,Male,0,7,No,Fiber optic,70.51,503.76,No
CUST00042,Female,0,60,No,DSL,25.71,1176.68,No
CUST00043,Male,0,6,Yes,Fiber optic,66.81,419.38,No
CUST00044,Male,0,38,No,No,48.54,1983.68,No
CUST00045,Male,0,68,Yes,No,81.5,5260.74,No
CUST00046,Female,0,43,No,Fiber optic,20.26,1254.13,No
CUST00047,Male,1,38,Yes,Fiber optic,30.73,1303.1,No
CUST00048,Female,1,72,Yes,Fiber optic,90.07,6538.0,Yes
CUST00049,Male,1,18,No,DSL,73.09,1373.49,Yes
CUST00050,Male,1,11,No,No,108.44,1224.86,No
CUST00051,Male,0,41,Yes,No,99.59,3836.91,No
CUST00052,Female,1,24,No,Fiber optic,24.33,571.81,No
CUST00053,Female,0,12,Yes,No,35.12,365.48,No
CUST00054,Male,0,31,No,Fiber optic,32.3,918.15,No
CUST00055,Female,0,10,Yes,No,66.51,621.82,No
CUST00056,Male,0,8,Yes,Fiber optic,105.46,780.6,Yes
CUST00057,Male,0,4,Yes,No,90.65,343.81,No
CUST00058,Male,0,58,No,DSL,37.39,2683.42,No
CUST00059,Female,0,11,Yes,Fiber optic,78.51,,Yes
CUST00060,Female,0,54,No,No,93.29,5298.95,No
CUST00061,Male,0,3,No,DSL,72.07,199.41,Yes
CUST00062,Male,1,0,No,DSL,82.96,,Yes
CUST00063,Female,1,24,No,DSL,86.43,1966.48,No
CUST00064,Male,0,34,No,No,54.98,1816.82,No
CUST00065,Male,0,39,No,DSL,59.61,1991.98,No
CUST00066,Female,0,12,No,Fiber optic,97.4,1271.74,No
CUST00067,Male,0,1,No,No,97.99,102.4,Yes
CUST00068,Female,0,37,No,DSL,66.48,2780.09,No
CUST00069,Male,1,41,Yes,Fiber optic,79.61,3393.0,No
CUST00070,Male,0,32,Yes,DSL,86.67,2932.56,No
CUST00071,Female,0,4,Yes,DSL,91.28,338.87,Yes
CUST00072,Female,0,4,Yes,Fiber optic,61.77,,Yes
CUST00073,Female,0,30,No,Fiber optic,74.53,2352.7,Yes
CUST00074,Female,0,21,No,DSL,30.99,553.48,No
CUST00075,Female,0,22,No,No,48.98,910.37,No
CUST00076,Female,1,25,Yes,DSL,21.14,478.16,No
CUST00077,Male,1,6,Yes,DSL,81.43,434.58,No
CUST00078,Male,0,14,No,DSL,27.19,419.73,No
CUST00079,Female,0,1,Yes,Fiber optic,65.24,60.05,No
CUST00080,Male,0,5,Yes,Fiber optic,68.37,339.96,Yes
CUST00081,Male,1,10,Yes,No,82.76,800.18,No
CUST00082,Female,1,0,Yes,Fiber optic,100.94,,No
CUST00083,Male,0,69,No,Fiber optic,92.39,5916.91,No
CUST00084,Female,0,27,No,DSL,60.49,1683.16,No
CUST00085,Male,0,6,No,Fiber optic,98.33,549.11,Yes
CUST00086,Female,1,9,Yes,Fiber optic,96.07,,No
CUST00087,Female,0,4,Yes,DSL,106.66,451.27,Yes
CUST00088,Male,0,43,Yes,Fiber optic,66.37,2868.31,No
CUST00089,Male,0,43,Yes,Fiber optic,48.53,2487.31,No
CUST00090,Male,0,42,Yes,DSL,38.45,1362.15,No
CUST00091,Female,0,6,Yes,DSL,90.49,579.13,Yes
CUST00092,Male,0,11,Yes,DSL,99.08,1199.41,Yes
CUST00093,Female,0,8,No,DSL,107.72,804.45,Yes
CUST00094,Female,0,42,No,Fiber optic,40.2,1827.43,No
CUST00095,Female,0,11,No,DSL,86.26,989.6,No
CUST00096,Female,0,56,Yes,DSL,77.68,3833.5,No
CUST00097,Male,0,12,No,DSL,65.55,857.2,No
CUST00098,Female,0,41,Yes,No,58.07,2679.15,No
CUST00099,Male,0,23,Yes,Fiber optic,23.31,642.51,No
CUST00100,Female,0,19,No,Fiber optic,74.86,1576.86,No
CUST00101,Male,1,6,Yes,No,66.94,419.83,No
CUST00102,Female,0,29,No,DSL,90.66,2543.93,No
CUST00103,Male,0,10,No,DSL,68.09,668.87,No
CUST00104,Male,0,0,No,Fiber optic,105.84,,Yes
CUST00105,Male,0,11,Yes,Fiber optic,89.05,943.78,No
CUST00106,Female,0,4,Yes,Fiber optic,73.56,254.67,No
CUST00107,Female,0,0,No,Fiber optic,65.41,,No
CUST00108,Male,0,65,Yes,DSL,86.08,5992.96,No
CUST00109,Male,0,7,Yes,No,80.83,526.83,Yes
CUST00110,Male,0,32,Yes,No,34.89,1307.52,No
CUST00111,Male,1,3,No,DSL,94.42,253.58,Yes
CUST00112,Female,1,8,No,Fiber optic,104.07,778.7,No
CUST00113,Female,0,13,No,No,61.87,709.71,No
CUST00114,Male,0,48,Yes,No,86.11,4122.7,No
CUST00115,Female,0,21,Yes,Fiber optic,39.04,697.08,No
CUST00116,Male,1,33,No,Fiber optic,28.65,880.01,No
CUST00117,Male,0,67,Yes,Fiber optic,26.54,1963.91,No
CUST00118,Female,0,42,No,DSL,20.98,684.32,No
CUST00119,Male,0,41,No,Fiber optic,85.12,3281.15,Yes
CUST00120,Male,0,30,Yes,DSL,66.94,,No
CUST00121,Female,1,8,Yes,Fiber optic,76.14,549.78,No
CUST00122,Male,0,4,No,Fiber optic,87.61,370.47,Yes
CUST00123,Female,0,8,No,DSL,91.11,696.7,Yes
CUST00124,Male,0,17,No,Fiber optic,98.84,1783.05,No
CUST00125,Male,1,45,Yes,DSL,35.41,1188.08,No
CUST00126,Female,1,1,No,DSL,60.93,61.31,No
CUST00127,Female,1,20,No,DSL,76.56,,Yes
CUST00128,Female,1,67,Yes,DSL,41.21,3142.11,Yes
CUST00129,Female,0,65,No,DSL,88.53,5393.33,No
CUST00130,Male,0,11,No,DSL,75.69,940.6,No
CUST00131,Male,0,6,No,No,104.53,648.07,No
CUST00132,Male,0,1,Yes,Fiber optic,101.4,,Yes
CUST00133,Female,0,23,Yes,DSL,38.87,883.42,No
CUST00134,Female,0,62,Yes,DSL,79.07,4525.15,No
CUST00135,Male,1,38,No,No,93.86,3333.39,No
CUST00136,Male,1,72,No,No,93.91,6354.02,No
CUST00137,Male,0,5,No,DSL,96.06,453.45,Yes
CUST00138,Female,0,24,Yes,No,78.86,2117.33,No
CUST00139,Male,0,12,Yes,Fiber optic,77.9,827.57,Yes
CUST00140,Male,0,23,Yes,Fiber optic,42.58,1164.2,No
CUST00141,Female,1,26,Yes,Fiber optic,33.32,663.57,Yes
CUST00142,Male,0,3,Yes,Fiber optic,87.72,243.69,Yes
CUST00143,Female,0,8,Yes,DSL,76.97,637.37,Yes
CUST00144,Male,1,26,Yes,DSL,58.48,1667.32,No
CUST00145,Male,0,42,Yes,DSL,73.16,2943.87,No
CUST00146,Female,0,25,Yes,Fiber optic,68.98,1875.23,Yes
CUST00147,Female,1,1,No,DSL,62.5,53.82,No
CUST00148,Female,0,0,No,Fiber optic,84.51,,Yes
CUST00149,Male,0,44,No,DSL,55.89,2885.06,No
CUST00150,Male,1,8,No,Fiber optic,81.89,682.7,Yes
CUST00151,Male,0,3,Yes,No,73.22,216.1,No
CUST00152,Female,0,59,Yes,Fiber optic,47.24,2349.96,Yes
CUST00153,Male,1,4,Yes,Fiber optic,95.35,397.69,No
CUST00154,Female,1,58,No,No,56.86,3123.39,No
CUST00155,Female,0,29,No,DSL,20.62,565.93,No
CUST00156,Female,0,41,No,Fiber optic,22.73,1145.3,Yes
CUST00157,Male,0,17,Yes,Fiber optic,48.59,914.91,No
CUST00158,Male,0,7,No,No,60.82,372.69,No
CUST00159,Female,0,21,No,No,73.72,1511.67,No
CUST00160,Male,0,42,Yes,DSL,46.41,2165.73,No
CUST00161,Female,0,3,Yes,Fiber optic,83.38,268.93,Yes
CUST00162,Male,0,0,Yes,No,69.01,,No
CUST00163,Female,1,35,No,DSL,72.93,2725.1,Yes
CUST00164,Female,0,4,No,DSL,67.84,236.75,No
CUST00165,Male,0,7,Yes,Fiber optic,94.63,654.16,Yes
CUST00166,Male,0,27,Yes,No,49.62,1301.45,No
CUST00167,Male,0,19,No,Fiber optic,20.26,407.51,Yes
CUST00168,Male,0,66,No,DSL,47.89,2936.54,No
CUST00169,Male,0,55,No,DSL,60.25,3542.03,No
CUST00170,Male,0,18,No,No,22.65,473.42,No
CUST00171,Female,0,13,Yes,No,31.93,455.23,No
CUST00172,Female,0,53,Yes,Fiber optic,30.55,,No
CUST00173,Female,1,44,No,Fiber optic,91.2,3644.02,Yes
CUST00174,Female,0,54,No,Fiber optic,31.19,1751.93,Yes
CUST00175,Male,0,45,No,DSL,71.71,3461.05,No
CUST00176,Male,1,51,No,DSL,99.72,4815.67,Yes
CUST00177,Female,0,40,No,Fiber optic,85.16,3310.48,No
CUST00178,Female,0,19,No,Fiber optic,39.95,,Yes
CUST00179,Female,0,45,Yes,DSL,28.87,1484.06,No
CUST00180,Female,0,9,Yes,No,98.84,831.56,Yes
CUST00181,Male,0,4,Yes,Fiber optic,86.47,356.42,Yes
CUST00182,Female,1,22,Yes,DSL,91.48,2160.63,No
CUST00183,Female,1,4,No,Fiber optic,60.74,244.01,No
CUST00184,Male,0,45,Yes,DSL,92.77,3953.82,No
CUST00185,Male,0,8,No,Fiber optic,86.47,767.02,Yes
CUST00186,Male,1,7,Yes,No,69.74,481.26,Yes
CUST00187,Male,0,16,Yes,DSL,41.97,536.32,No
CUST00188,Male,0,12,Yes,DSL,99.33,1288.37,No
CUST00189,Male,0,71,No,Fiber optic,54.32,3842.27,No
CUST00190,Female,0,42,Yes,No,40.54,1738.42,No
CUST00191,Female,0,0,No,Fiber optic,75.09,,Yes
CUST00192,Female,0,5,Yes,Fiber optic,89.91,463.14,Yes
CUST00193,Male,1,37,Yes,Fiber optic,98.04,3336.03,No
CUST00194,Female,0,32,Yes,No,77.99,2464.05,No
CUST00195,Female,0,3,Yes,DSL,61.83,157.27,No
CUST00196,Female,0,35,No,DSL,49.96,1458.99,No
CUST00197,Male,0,19,Yes,DSL,98.53,1971.12,No
CUST00198,Male,0,53,No,No,21.98,1148.23,No
CUST00199,Male,1,1,No,Fiber optic,69.11,73.45,No
CUST00200,Male,0,8,Yes,DSL,103.14,827.56,Yes
CUST00201,Female,1,57,No,Fiber optic,59.93,3916.43,No
CUST00202,Male,0,0,Yes,No,63.67,,No
CUST00203,Female,0,46,Yes,No,20.23,577.95,No
CUST00204,Male,0,59,No,DSL,85.86,4682.44,No
CUST00205,Female,0,22,No,Fiber optic,37.01,831.94,No
CUST00206,Male,0,1,Yes,No,74.84,74.77,No
CUST00207,Female,1,65,No,No,91.12,6504.61,No
CUST00208,Female,0,0,No,No,87.7,,Yes
CUST00209,Female,0,64,Yes,Fiber optic,95.01,,No
CUST00210,Male,0,19,No,Fiber optic,72.16,1193.96,No
CUST00211,Male,0,38,Yes,Fiber optic,31.36,1339.66,No
CUST00212,Female,1,12,No,No,73.67,782.84,No
CUST00213,Female,0,11,No,DSL,64.13,732.76,No
CUST00214,Male,0,12,Yes,DSL,73.47,893.11,No
CUST00215,Male,0,49,No,Fiber optic,74.11,4119.08,No
CUST00216,Male,1,57,Yes,DSL,86.71,5397.07,No
CUST00217,Female,0,70,No,No,56.88,4312.51,No
CUST00218,Male,0,7,Yes,Fiber optic,79.69,575.03,No
CUST00219,Male,1,5,Yes,DSL,82.12,434.99,Yes
CUST00220,Female,1,7,No,Fiber optic,98.05,751.22,Yes
CUST00221,Female,0,31,Yes,No,91.18,2732.46,No
CUST00222,Male,0,4,No,Fiber optic,81.26,306.36,Yes
CUST00223,Male,1,45,No,DSL,54.59,2513.46,Yes
CUST00224,Male,1,21,No,Fiber optic,85.31,1991.14,No
CUST00225,Male,1,30,Yes,DSL,60.05,1692.52,Yes
CUST00226,Male,1,12,No,Fiber optic,50.84,684.05,No
CUST00227,Female,0,3,Yes,DSL,99.06,320.63,No
CUST00228,Female,0,13,No,No,64.16,848.11,No
CUST00229,Female,0,37,No,DSL,35.35,1605.8,No
CUST00230,Male,1,54,No,DSL,36.44,1967.15,Yes
CUST00231,Male,0,15,Yes,Fiber optic,57.35,718.07,No
CUST00232,Female,0,22,Yes,DSL,32.91,641.41,No
CUST00233,Male,0,67,Yes,No,79.83,5201.25,No
CUST00234,Male,0,12,Yes,Fiber optic,76.15,848.48,No
CUST00235,Male,0,59,Yes,No,36.54,1720.0,No
CUST00236,Female,1,31,No,DSL,75.12,2628.63,No
CUST00237,Male,0,8,Yes,DSL,66.16,,No
CUST00238,Female,0,48,No,Fiber optic,87.21,,Yes
CUST00239,Male,0,33,No,DSL,66.78,2118.19,No
CUST00240,Male,0,27,No,DSL,33.19,894.42,No
CUST00241,Female,0,2,Yes,Fiber optic,107.08,,No
CUST00242,Male,1,10,No,DSL,66.6,716.19,No
CUST00243,Female,0,4,No,Fiber optic,94.19,350.24,No
CUST00244,Male,0,12,Yes,Fiber optic,91.09,1128.46,Yes
CUST00245,Male,0,1,Yes,Fiber optic,92.37,86.72,Yes
CUST00246,Female,0,51,No,Fiber optic,43.7,2409.6,No
CUST00247,Female,0,45,Yes,Fiber optic,67.55,2679.89,No
CUST00248,Female,1,2,Yes,DSL,102.83,216.79,Yes
CUST00249,Male,0,17,No,Fiber optic,26.09,337.38,No
CUST00250,Female,1,43,No,Fiber optic,82.72,3459.01,Yes
CUST00251,Male,0,7,Yes,Fiber optic,79.49,581.65,Yes
CUST00252,Female,0,53,Yes,No,49.52,2612.06,No
CUST00253,Male,1,66,No,Fiber optic,61.24,,No
CUST00254,Female,0,24,No,DSL,91.71,1969.14,No
CUST00255,Male,0,4,Yes,Fiber optic,97.87,413.69,No
CUST00256,Male,0,12,No,No,31.75,458.38,No
CUST00257,Male,1,69,Yes,No,91.89,6600.8,Yes
CUST00258,Male,0,3,No,DSL,104.14,313.91,No
CUST00259,Female,0,64,Yes,DSL,50.92,2756.71,No
CUST00260,Male,0,8,Yes,Fiber optic,84.33,639.27,Yes
CUST00261,Male,0,48,No,DSL,78.62,3757.57,No
CUST00262,Female,0,2,Yes,DSL,88.8,160.03,No
CUST00263,Female,0,11,No,Fiber optic,82.5,,No
CUST00264,Female,0,6,Yes,Fiber optic,94.37,576.75,No
CUST00265,Male,1,47,Yes,DSL,71.55,3787.29,No
CUST00266,Female,0,0,Yes,DSL,104.62,,Yes
CUST00267,Male,0,11,Yes,No,92.69,,Yes
CUST00268,Female,0,26,No,DSL,39.16,931.38,No
CUST00269,Female,1,11,Yes,DSL,71.89,793.52,Yes
CUST00270,Male,0,4,Yes,No,82.99,302.92,No
CUST00271,Male,0,0,No,DSL,97.64,,Yes
CUST00272,Male,0,67,No,Fiber optic,96.53,6897.96,No
CUST00273,Male,1,14,Yes,No,46.89,742.51,Yes
CUST00274,Female,0,49,No,DSL,78.1,3582.68,No
CUST00275,Female,0,64,Yes,DSL,23.29,1953.22,No
CUST00276,Female,0,3,Yes,Fiber optic,74.0,240.87,Yes
CUST00277,Female,0,59,Yes,Fiber optic,78.78,4823.67,No
CUST00278,Female,0,71,Yes,No,66.33,4054.32,No
CUST00279,Female,0,12,No,Fiber optic,38.46,,No
CUST00280,Male,1,11,No,Fiber optic,100.87,1164.16,No
CUST00281,Female,1,5,No,DSL,76.09,395.83,Yes
CUST00282,Female,0,7,No,Fiber optic,76.25,573.77,No
CUST00283,Female,0,6,No,DSL,101.09,592.45,No
CUST00284,Male,1,12,No,Fiber optic,86.82,1154.35,Yes
CUST00285,Female,1,61,No,DSL,80.67,,Yes
CUST00286,Male,0,60,No,DSL,95.23,,No
CUST00287,Female,0,44,Yes,No,78.06,3014.39,No
CUST00288,Female,0,1,No,Fiber optic,68.15,64.08,No
CUST00289,Male,0,50,Yes,No,58.01,2931.75,No
CUST00290,Male,1,5,Yes,Fiber optic,102.39,467.13,No
CUST00291,Male,0,61,No,No,96.1,5753.53,No
CUST00292,Male,1,11,No,Fiber optic,69.7,870.6,Yes
CUST00293,Male,1,21,Yes,Fiber optic,37.76,594.43,No
CUST00294,Male,0,61,No,DSL,83.35,4706.84,No
CUST00295,Female,0,8,No,Fiber optic,83.46,622.83,No
CUST00296,Male,0,58,Yes,Fiber optic,41.9,2030.37,No
CUST00297,Male,1,3,No,No,95.02,299.44,Yes
CUST00298,Male,1,25,Yes,Fiber optic,56.9,1444.11,No
CUST00299,Male,0,0,Yes,DSL,64.33,,No
CUST00300,Male,0,1,Yes,Fiber optic,76.66,82.17,No
CUST00301,Female,0,63,Yes,No,77.47,5051.01,No
CUST00302,Male,0,18,Yes,Fiber optic,95.82,1786.81,No
CUST00303,Male,0,12,No,DSL,70.21,731.89,No
CUST00304,Female,0,69,Yes,No,28.74,2612.08,No
CUST00305,Female,0,35,No,DSL,66.09,2504.29,No
CUST00306,Female,0,59,Yes,DSL,90.3,5235.05,No
CUST00307,Male,0,71,No,DSL,24.61,1137.75,No
CUST00308,Male,1,72,No,No,21.26,1400.34,No
CUST00309,Female,0,2,No,No,87.43,164.25,Yes
CUST00310,Female,0,69,Yes,Fiber optic,73.34,5370.65,Yes
CUST00311,Male,0,15,No,Fiber optic,71.56,967.01,No
CUST00312,Male,0,19,No,DSL,35.39,839.11,No
CUST00313,Male,0,1,No,No,66.34,67.23,No
CUST00314,Female,0,9,Yes,No,63.21,567.31,No
CUST00315,Female,0,27,No,Fiber optic,43.48,954.57,No
CUST00316,Male,0,72,No,No,32.76,2735.71,No
CUST00317,Male,1,9,Yes,DSL,69.69,630.91,No
CUST00318,Male,0,41,Yes,No,59.09,2612.13,No
CUST00319,Male,0,67,Yes,DSL,28.83,1457.08,No
CUST00320,Male,0,6,Yes,Fiber optic,89.44,511.04,Yes
CUST00321,Male,1,42,No,DSL,44.34,1629.95,Yes
CUST00322,Male,0,1,Yes,DSL,72.9,79.91,Yes
CUST00323,Male,0,12,Yes,Fiber optic,46.27,572.84,No
CUST00324,Female,0,6,No,Fiber optic,61.62,324.67,No
CUST00325,Male,0,1,Yes,Fiber optic,87.19,80.5,Yes
CUST00326,Male,1,53,Yes,DSL,95.57,5275.37,No
CUST00327,Male,1,17,No,No,90.5,1625.37,No
CUST00328,Female,0,16,No,DSL,53.6,700.8,No
CUST00329,Female,0,14,Yes,DSL,42.54,621.9,No
CUST00330,Male,0,26,No,DSL,72.82,1658.18,No
CUST00331,Male,1,5,Yes,No,106.11,573.47,No
CUST00332,Female,0,17,No,Fiber optic,41.35,643.81,Yes
CUST00333,Male,1,1,No,Fiber optic,76.14,67.16,No
CUST00334,Female,0,11,No,Fiber optic,66.28,719.15,No
CUST00335,Male,0,12,Yes,DSL,80.53,1056.53,No
CUST00336,Female,0,9,Yes,DSL,85.54,808.81,No
CUST00337,Male,0,47,No,Fiber optic,51.47,,No
CUST00338,Male,1,0,Yes,Fiber optic,103.26,,No
CUST00339,Male,0,6,No,Fiber optic,66.71,375.22,No
CUST00340,Male,1,66,No,Fiber optic,45.79,3267.26,No
CUST00341,Male,0,3,Yes,Fiber optic,86.74,269.6,No
CUST00342,Female,0,5,Yes,Fiber optic,81.69,424.04,No
CUST00343,Male,0,0,No,DSL,101.62,,Yes
CUST00344,Male,0,14,Yes,No,76.52,1073.98,No
CUST00345,Male,0,4,Yes,DSL,106.11,389.9,No
CUST00346,Female,0,8,No,DSL,68.03,514.99,No
CUST00347,Female,1,8,Yes,No,95.63,780.66,Yes
CUST00348,Male,0,50,No,Fiber optic,79.52,4070.83,No
CUST00349,Female,0,64,Yes,DSL,77.75,5449.35,No
CUST00350,Female,0,49,No,Fiber optic,58.45,2944.46,Yes
CUST00351,Female,0,16,No,DSL,33.12,632.12,No
CUST00352,Male,1,47,No,No,77.77,3974.13,Yes
CUST00353,Female,0,5,Yes,Fiber optic,92.6,509.99,No
CUST00354,Male,0,53,Yes,No,56.78,2911.77,No
CUST00355,Female,0,52,Yes,DSL,21.57,1355.25,No
CUST00356,Female,0,18,Yes,DSL,26.84,564.21,No
CUST00357,Male,0,4,No,Fiber optic,104.36,404.63,No
CUST00358,Female,0,13,No,DSL,79.7,1130.51,No
CUST00359,Female,0,59,Yes,No,33.75,1593.57,No
CUST00360,Male,0,58,No,Fiber optic,21.85,,No
CUST00361,Female,0,59,Yes,DSL,91.27,5297.27,No
CUST00362,Male,0,7,No,DSL,80.96,555.41,Yes
CUST00363,Female,0,9,No,DSL,61.2,490.04,No
CUST00364,Female,0,70,No,Fiber optic,68.12,4249.14,No
CUST00365,Female,0,11,No,DSL,70.92,790.31,Yes
CUST00366,Female,0,5,No,Fiber optic,91.04,437.64,Yes
CUST00367,Male,0,57,No,Fiber optic,25.65,893.83,Yes
CUST00368,Male,0,30,Yes,Fiber optic,82.02,2542.66,No
CUST00369,Male,0,63,No,Fiber optic,26.22,1559.24,No
CUST00370,Female,0,8,Yes,DSL,65.69,505.13,No
CUST00371,Female,0,42,Yes,Fiber optic,89.91,3832.41,No
CUST00372,Male,0,23,Yes,Fiber optic,94.53,2036.22,No
CUST00373,Female,0,12,Yes,Fiber optic,91.88,1040.21,No
CUST00374,Male,0,8,Yes,Fiber optic,77.5,547.41,Yes
CUST00375,Male,0,27,No,Fiber optic,62.69,1886.39,No
CUST00376,Female,0,9,Yes,Fiber optic,72.67,722.14,Yes
CUST00377,Female,0,11,No,Fiber optic,80.83,888.35,No
CUST00378,Male,0,1,Yes,DSL,102.42,106.95,Yes
CUST00379,Female,0,11,Yes,Fiber optic,69.27,662.29,Yes
CUST00380,Male,0,12,No,DSL,74.21,852.37,No
CUST00381,Female,1,4,Yes,Fiber optic,71.72,317.45,Yes
CUST00382,Male,1,57,Yes,Fiber optic,66.76,3996.04,No
CUST00383,Male,0,20,Yes,Fiber optic,20.11,552.24,No
CUST00384,Female,0,12,Yes,DSL,23.34,250.08,No
CUST00385,Male,1,1,Yes,Fiber optic,107.31,108.88,No
CUST00386,Female,0,12,Yes,No,97.74,1092.44,No
CUST00387,Female,0,6,Yes,DSL,68.91,387.2,No
CUST00388,Male,0,9,No,DSL,68.08,631.64,No
CUST00389,Female,0,6,No,No,78.87,478.92,Yes
CUST00390,Male,0,45,Yes,DSL,49.71,1911.46,No
CUST00391,Male,1,40,Yes,Fiber optic,37.2,1305.9,No
CUST00392,Female,0,2,No,DSL,101.26,207.03,No
CUST00393,Male,0,2,Yes,Fiber optic,69.87,147.9,Yes
CUST00394,Male,0,9,Yes,DSL,97.02,863.08,Yes
CUST00395,Male,0,36,No,No,27.17,926.72,No
CUST00396,Female,0,39,No,Fiber optic,81.84,3538.39,No
CUST00397,Female,0,18,Yes,Fiber optic,26.63,553.9,No
CUST00398,Female,1,42,No,Fiber optic,74.11,3173.87,Yes
CUST00399,Male,0,12,Yes,Fiber optic,40.36,,No
CUST00400,Male,0,4,No,No,69.5,291.08,No
CUST00401,Female,0,5,No,Fiber optic,64.91,303.52,No
CUST00402,Male,0,5,No,DSL,70.2,391.26,Yes
CUST00403,Female,0,23,No,No,32.71,830.92,No
CUST00404,Female,1,8,Yes,Fiber optic,81.32,641.12,Yes
CUST00405,Female,0,3,Yes,Fiber optic,77.8,257.82,No
CUST00406,Male,0,44,Yes,Fiber optic,26.61,1156.8,Yes
CUST00407,Female,0,1,No,Fiber optic,97.02,106.16,Yes
CUST00408,Female,0,3,No,DSL,109.19,,No
CUST00409,Female,0,10,No,Fiber optic,90.57,1000.98,Yes
CUST00410,Male,0,1,Yes,Fiber optic,64.6,67.37,No
CUST00411,Male,0,0,Yes,DSL,82.57,,Yes
CUST00412,Male,0,16,No,No,59.52,856.87,No
CUST00413,Female,0,67,No,Fiber optic,31.31,2366.45,No
CUST00414,Male,0,11,Yes,DSL,66.9,646.0,No
CUST00415,Female,0,1,No,DSL,67.21,59.08,No
CUST00416,Female,0,62,No,No,60.92,3805.12,No
CUST00417,Male,1,68,Yes,Fiber optic,45.41,3414.25,Yes
CUST00418,Male,0,35,Yes,Fiber optic,52.68,2128.36,No
CUST00419,Female,0,58,No,Fiber optic,55.08,2672.98,Yes
CUST00420,Female,0,10,No,No,68.83,662.97,No
CUST00421,Male,0,17,No,Fiber optic,79.78,1313.51,Yes
CUST00422,Male,0,4,Yes,Fiber optic,81.39,315.79,No
CUST00423,Male,0,4,Yes,Fiber optic,69.37,257.27,No
CUST00424,Male,1,53,No,No,60.78,3554.83,No
CUST00425,Female,0,4,No,Fiber optic,60.04,,Yes
CUST00426,Male,0,39,No,No,72.58,2701.28,No
CUST00427,Male,1,3,Yes,DSL,77.34,203.45,No
CUST00428,Female,0,39,No,Fiber optic,89.32,3765.09,No
CUST00429,Female,1,48,Yes,DSL,94.88,,No
CUST00430,Male,0,6,No,DSL,85.29,504.96,No
CUST00431,Male,0,25,Yes,No,30.57,606.25,No
CUST00432,Male,0,2,No,No,79.8,160.2,Yes
CUST00433,Female,0,17,No,DSL,95.71,1510.54,No
CUST00434,Male,0,14,Yes,Fiber optic,65.36,887.69,No
CUST00435,Male,0,48,No,DSL,97.61,4378.89,No
CUST00436,Male,0,53,No,Fiber optic,36.12,1572.03,No
CUST00437,Male,1,13,Yes,No,99.94,1330.92,No
CUST00438,Female,1,46,No,Fiber optic,40.99,2273.88,Yes
CUST00439,Male,0,62,No,DSL,29.51,1611.99,No
CUST00440,Female,0,48,Yes,DSL,77.66,3878.22,No
CUST00441,Male,0,1,Yes,DSL,73.04,66.6,No
CUST00442,Female,0,12,No,DSL,67.42,754.68,No
CUST00443,Male,0,7,No,No,73.23,472.9,No
CUST00444,Male,0,19,Yes,DSL,42.41,794.82,No
CUST00445,Male,0,18,No,Fiber optic,58.4,890.05,No
CUST00446,Male,1,14,Yes,No,33.38,328.06,No
CUST00447,Female,0,2,No,Fiber optic,73.68,141.19,Yes
CUST00448,Male,0,66,Yes,Fiber optic,23.51,920.88,No
CUST00449,Female,1,55,Yes,Fiber optic,30.7,1906.36,No
CUST00450,Female,0,21,No,Fiber optic,62.38,1197.73,Yes
CUST00451,Female,0,42,Yes,DSL,64.27,2436.97,No
CUST00452,Female,0,31,Yes,DSL,26.68,1041.37,No
CUST00453,Female,0,41,Yes,DSL,68.6,2788.55,No
CUST00454,Female,1,67,Yes,No,56.09,4194.08,No
CUST00455,Male,0,1,No,Fiber optic,104.42,98.07,Yes
CUST00456,Female,0,48,No,Fiber optic,96.34,4434.94,No
CUST00457,Female,0,65,No,DSL,35.53,2144.61,No
CUST00458,Female,0,10,Yes,DSL,101.16,929.31,No
CUST00459,Male,0,51,Yes,Fiber optic,27.73,1336.95,Yes
CUST00460,Female,1,21,Yes,Fiber optic,64.33,1304.6,No
CUST00461,Female,1,63,Yes,Fiber optic,50.7,3610.19,Yes
CUST00462,Male,0,26,Yes,Fiber optic,38.58,755.82,No
CUST00463,Male,0,7,No,No,77.32,576.26,No
CUST00464,Male,0,7,No,Fiber optic,87.12,572.1,Yes
CUST00465,Female,0,71,Yes,DSL,97.14,6331.24,No
CUST00466,Female,0,1,No,DSL,88.35,91.97,Yes
CUST00467,Male,0,24,Yes,DSL,47.22,1247.48,No
CUST00468,Female,0,25,No,DSL,75.04,1740.28,No
CUST00469,Female,0,59,No,DSL,76.36,4292.4,No
CUST00470,Male,0,31,No,No,58.58,1521.57,No
CUST00471,Male,0,45,Yes,DSL,46.33,1793.13,No
CUST00472,Male,1,15,No,Fiber optic,31.37,575.2,No
CUST00473,Male,0,55,Yes,Fiber optic,36.48,2417.09,Yes
CUST00474,Female,0,54,Yes,Fiber optic,45.42,2282.08,No
CUST00475,Male,1,14,No,DSL,64.87,870.8,Yes
CUST00476,Male,0,7,No,DSL,108.73,783.76,Yes
CUST00477,Female,0,64,Yes,DSL,77.89,4912.14,No
CUST00478,Female,0,9,Yes,Fiber optic,61.48,589.4,No
CUST00479,Female,0,15,Yes,No,83.66,1213.64,No
CUST00480,Female,1,0,No,No,83.46,,Yes
CUST00481,Male,0,8,No,Fiber optic,87.62,772.21,No
CUST00482,Female,0,70,Yes,Fiber optic,54.38,4327.43,No
CUST00483,Female,0,58,No,DSL,26.2,1810.89,No
CUST00484,Female,0,47,No,No,66.57,3070.25,No
CUST00485,Female,0,1,Yes,Fiber optic,64.31,60.25,No
CUST00486,Female,0,19,No,No,30.02,697.46,No
CUST00487,Male,1,1,No,Fiber optic,69.77,74.81,No
CUST00488,Female,0,30,No,Fiber optic,73.08,1935.35,No
CUST00489,Male,0,9,No,No,84.34,747.21,Yes
CUST00490,Female,0,12,No,Fiber optic,99.93,1124.75,No
CUST00491,Male,0,34,Yes,Fiber optic,66.61,2384.07,No
CUST00492,Male,0,12,No,DSL,91.47,1215.67,No
CUST00493,Female,0,4,Yes,No,68.04,291.62,No
CUST00494,Male,0,42,No,Fiber optic,41.25,1773.5,Yes
CUST00495,Male,0,33,Yes,DSL,64.42,2135.53,No
CUST00496,Male,0,24,Yes,Fiber optic,34.99,839.26,Yes
CUST00497,Male,0,6,Yes,DSL,62.87,327.6,No
CUST00498,Male,0,11,No,Fiber optic,86.15,,No
CUST00499,Male,0,51,Yes,No,83.7,4448.77,No
CUST00500,Female,0,3,No,Fiber optic,89.55,246.98,No
CUST00501,Female,1,44,Yes,DSL,91.34,3586.11,No
CUST00502,Male,0,19,No,DSL,93.09,1944.62,No
CUST00503,Male,0,7,Yes,No,106.75,763.01,No
CUST00504,Male,0,68,No,No,86.15,6217.58,No
CUST00505,Female,0,38,Yes,DSL,79.42,3180.11,No
CUST00506,Female,0,43,Yes,DSL,36.71,1918.37,No
CUST00507,Female,0,14,No,Fiber optic,21.06,278.29,No
CUST00508,Male,0,35,Yes,Fiber optic,50.14,1746.17,No
CUST00509,Male,0,7,No,DSL,89.63,,No
CUST00510,Male,0,1,Yes,No,83.62,89.46,Yes
CUST00511,Female,1,65,No,Fiber optic,45.87,2392.98,No
CUST00512,Female,0,43,No,DSL,39.54,1716.78,No
CUST00513,Male,1,3,No,Fiber optic,81.54,239.04,Yes
CUST00514,Male,0,11,No,Fiber optic,69.77,854.55,Yes
CUST00515,Male,0,1,No,Fiber optic,91.87,99.55,No
CUST00516,Female,1,36,Yes,Fiber optic,73.81,2395.36,Yes
CUST00517,Male,0,15,No,No,69.13,1037.79,No
CUST00518,Male,1,7,Yes,DSL,109.4,747.25,Yes
CUST00519,Male,0,4,No,DSL,61.14,273.75,No
CUST00520,Female,0,34,Yes,DSL,78.03,2467.68,No
CUST00521,Female,0,0,Yes,No,82.0,,No
CUST00522,Male,0,6,Yes,Fiber optic,83.29,478.69,Yes
CUST00523,Male,0,56,Yes,No,46.6,3024.8,No
CUST00524,Female,1,1,Yes,No,101.63,104.59,Yes
CUST00525,Male,0,2,No,Fiber optic,78.28,163.99,Yes
CUST00526,Female,1,11,Yes,No,101.94,1154.46,No
CUST00527,Female,0,46,Yes,Fiber optic,91.08,4199.3,No
CUST00528,Male,0,6,Yes,No,66.83,399.16,No
CUST00529,Female,0,7,No,DSL,63.6,402.56,No
CUST00530,Female,0,9,Yes,Fiber optic,108.26,929.3,Yes
CUST00531,Male,0,13,No,DSL,83.14,,No
CUST00532,Male,1,53,Yes,DSL,94.81,5279.88,No
CUST00533,Female,0,11,Yes,DSL,83.77,909.32,Yes
CUST00534,Male,0,28,No,Fiber optic,53.9,1656.37,Yes
CUST00535,Male,0,12,Yes,Fiber optic,34.98,479.72,No
CUST00536,Female,0,54,No,DSL,33.75,2333.72,No
CUST00537,Male,0,12,No,Fiber optic,89.83,971.9,Yes
CUST00538,Female,0,55,Yes,DSL,36.19,,No
CUST00539,Female,1,1,No,Fiber optic,98.43,88.93,Yes
CUST00540,Male,1,52,Yes,DSL,73.72,4099.35,Yes
CUST00541,Female,0,15,Yes,DSL,36.08,458.17,No
CUST00542,Male,0,45,No,DSL,89.25,3836.43,No
CUST00543,Male,0,28,No,Fiber optic,25.22,441.0,No
CUST00544,Male,0,12,Yes,DSL,71.03,795.44,No
CUST00545,Male,0,29,No,DSL,70.34,2017.74,No
CUST00546,Male,1,36,No,DSL,73.32,2539.95,No
CUST00547,Male,0,16,Yes,Fiber optic,20.85,386.73,Yes
CUST00548,Male,0,53,Yes,Fiber optic,87.92,4319.62,No
CUST00549,Male,1,2,Yes,Fiber optic,95.78,174.87,Yes
CUST00550,Male,1,65,No,No,81.17,5909.92,No
CUST00551,Male,1,53,Yes,Fiber optic,29.25,1211.41,No
CUST00552,Female,1,45,Yes,No,68.47,2826.32,Yes
CUST00553,Female,0,0,Yes,No,84.45,,No
CUST00554,Female,0,47,Yes,Fiber optic,99.43,4699.98,No
CUST00555,Female,0,10,Yes,Fiber optic,67.68,756.95,No
CUST00556,Female,1,6,No,Fiber optic,75.23,488.95,Yes
CUST00557,Female,0,72,No,Fiber optic,99.57,7768.68,Yes
CUST00558,Female,1,1,No,Fiber optic,104.82,104.56,Yes
CUST00559,Female,0,9,Yes,No,75.35,716.49,No
CUST00560,Female,0,5,Yes,Fiber optic,65.4,333.23,Yes
CUST00561,Female,0,5,No,Fiber optic,61.96,353.09,Yes
CUST00562,Female,0,71,Yes,No,95.87,6097.06,No
CUST00563,Female,0,5,No,No,94.43,494.69,No
CUST00564,Male,0,0,No,DSL,89.45,,Yes
CUST00565,Female,0,0,No,DSL,69.39,,No
CUST00566,Female,0,35,Yes,DSL,49.05,1424.77,No
CUST00567,Female,0,64,Yes,Fiber optic,73.96,4816.89,No
CUST00568,Female,0,5,No,No,66.14,318.57,No
CUST00569,Male,0,8,Yes,Fiber optic,72.11,568.93,Yes
CUST00570,Male,0,4,No,No,70.63,,Yes
CUST00571,Female,0,0,No,Fiber optic,109.9,,Yes
CUST00572,Female,0,66,No,No,28.45,1819.25,No
CUST00573,Male,1,12,Yes,Fiber optic,64.94,667.89,No
CUST00574,Female,0,71,No,DSL,44.62,2910.08,No
CUST00575,Male,0,52,Yes,Fiber optic,94.94,5338.94,No
CUST00576,Female,0,0,Yes,DSL,94.77,,Yes
CUST00577,Male,0,10,No,Fiber optic,77.72,704.94,Yes
CUST00578,Female,1,35,No,DSL,59.76,1830.01,No
CUST00579,Female,0,22,Yes,Fiber optic,26.08,358.2,No
CUST00580,Female,0,11,Yes,DSL,70.19,788.54,Yes
CUST00581,Female,0,54,Yes,DSL,20.54,926.8,No
CUST00582,Male,1,7,Yes,Fiber optic,71.39,549.77,Yes
CUST00583,Male,0,30,No,No,20.31,549.43,No
CUST00584,Female,0,18,Yes,Fiber optic,47.39,683.46,No
CUST00585,Male,0,4,No,DSL,64.35,234.8,No
CUST00586,Female,1,8,No,DSL,84.7,757.11,Yes
CUST00587,Female,0,43,No,Fiber optic,43.59,1941.92,No
CUST00588,Female,1,11,Yes,DSL,75.52,822.03,Yes
CUST00589,Female,0,50,No,DSL,48.79,2531.32,No
CUST00590,Female,1,20,No,DSL,87.69,1598.57,Yes
CUST00591,Female,0,43,No,DSL,68.85,2697.48,No
CUST00592,Male,0,11,Yes,Fiber optic,82.27,862.61,Yes
CUST00593,Female,0,72,Yes,DSL,34.18,,No
CUST00594,Female,0,39,Yes,DSL,58.65,1952.72,No
CUST00595,Female,0,35,No,DSL,75.26,2756.8,No
CUST00596,Male,0,47,Yes,DSL,45.88,2163.28,No
CUST00597,Female,0,33,No,No,98.16,,No
CUST00598,Female,1,7,No,DSL,68.14,432.29,No
CUST00599,Female,0,30,No,DSL,53.34,1596.12,No
CUST00600,Female,0,7,Yes,Fiber optic,75.23,554.71,No
CUST00601,Male,0,34,Yes,DSL,53.69,1763.12,No
CUST00602,Female,0,64,Yes,Fiber optic,89.2,6244.4,No
CUST00603,Male,1,2,No,Fiber optic,75.3,166.05,No
CUST00604,Female,0,25,Yes,Fiber optic,27.45,523.16,No
CUST00605,Male,0,67,No,DSL,95.1,5750.04,No
CUST00606,Female,0,1,No,DSL,76.61,68.56,Yes
CUST00607,Female,0,32,No,DSL,47.59,1268.04,No
CUST00608,Female,0,9,No,Fiber optic,78.18,710.47,Yes
CUST00609,Male,1,59,Yes,Fiber optic,53.62,3581.48,No
CUST00610,Male,0,9,No,Fiber optic,69.74,715.42,No
CUST00611,Male,1,8,No,No,101.29,825.38,No
CUST00612,Female,0,23,No,Fiber optic,71.86,1666.91,No
CUST00613,Male,1,55,No,DSL,90.28,4897.19,No
CUST00614,Female,0,10,No,No,74.56,674.94,Yes
CUST00615,Female,0,2,Yes,No,96.43,184.71,Yes
CUST00616,Female,1,1,No,DSL,96.61,96.78,Yes
CUST00617,Female,0,51,No,Fiber optic,55.62,2789.99,No
CUST00618,Male,0,8,No,Fiber optic,62.35,578.78,Yes
CUST00619,Female,0,13,Yes,DSL,38.71,393.53,No
CUST00620,Male,0,39,No,No,85.7,3029.1,No
CUST00621,Male,0,5,No,DSL,70.99,391.35,No
CUST00622,Female,0,9,No,DSL,97.5,816.49,No
CUST00623,Male,0,64,Yes,Fiber optic,88.62,5191.55,No
CUST00624,Female,1,4,No,DSL,98.41,424.11,Yes
CUST00625,Male,0,30,No,DSL,34.37,1235.2,No
CUST00626,Female,0,58,No,Fiber optic,32.13,2062.18,Yes
CUST00627,Male,0,2,Yes,Fiber optic,88.83,171.34,Yes
CUST00628,Male,1,72,Yes,DSL,79.68,5833.28,No
CUST00629,Male,0,64,Yes,DSL,72.74,4075.18,No
CUST00630,Female,0,0,No,DSL,73.66,,No
CUST00631,Female,0,67,No,DSL,90.41,5458.33,No
CUST00632,Male,0,58,Yes,Fiber optic,81.0,4327.57,No
CUST00633,Male,0,6,Yes,Fiber optic,66.3,432.81,No
CUST00634,Male,0,12,Yes,Fiber optic,54.5,641.22,No
CUST00635,Male,0,52,No,DSL,61.77,2876.84,No
CUST00636,Male,1,18,No,DSL,86.02,1400.88,No
CUST00637,Female,1,29,No,DSL,85.61,2625.72,No
CUST00638,Male,0,0,Yes,No,107.65,,No
CUST00639,Female,0,31,Yes,No,26.49,777.79,No
CUST00640,Male,0,6,Yes,DSL,68.95,463.44,No
CUST00641,Female,1,39,No,Fiber optic,57.08,2515.42,No
CUST00642,Female,1,31,Yes,Fiber optic,49.89,1250.13,No
CUST00643,Female,1,14,No,DSL,25.23,278.63,Yes
CUST00644,Male,1,7,No,DSL,89.29,669.1,Yes
CUST00645,Female,0,7,Yes,Fiber optic,65.63,403.85,No
CUST00646,Female,0,24,No,No,51.06,1409.61,No
CUST00647,Male,0,4,No,Fiber optic,97.93,367.41,Yes
CUST00648,Female,0,10,No,DSL,69.29,703.0,No
CUST00649,Male,0,37,Yes,Fiber optic,81.07,3291.83,Yes
CUST00650,Male,1,47,No,Fiber optic,61.29,3301.05,No
CUST00651,Male,0,1,Yes,Fiber optic,72.0,81.95,Yes
CUST00652,Male,0,18,Yes,No,43.81,758.24,No
CUST00653,Female,0,40,No,DSL,88.2,3760.6,No
CUST00654,Female,1,7,No,Fiber optic,77.01,579.0,Yes
CUST00655,Female,0,56,Yes,No,21.59,1703.77,No
CUST00656,Male,0,8,No,DSL,97.09,,No
CUST00657,Male,0,1,Yes,Fiber optic,97.92,90.71,Yes
CUST00658,Male,0,1,No,DSL,104.92,110.85,Yes
CUST00659,Female,0,9,Yes,DSL,81.44,729.32,No
CUST00660,Male,0,31,No,DSL,26.09,646.07,No
CUST00661,Female,0,6,Yes,Fiber optic,106.81,677.98,No
CUST00662,Male,0,32,Yes,No,35.46,1090.74,No
CUST00663,Male,0,41,Yes,DSL,40.24,1519.59,No
CUST00664,Female,0,54,No,DSL,48.84,2195.09,No
CUST00665,Female,0,53,Yes,No,65.59,3785.96,No
CUST00666,Female,1,14,Yes,DSL,37.25,650.2,Yes
CUST00667,Male,1,3,No,Fiber optic,104.84,328.25,No
CUST00668,Male,0,7,Yes,Fiber optic,68.06,479.56,Yes
CUST00669,Female,0,4,Yes,DSL,62.18,268.7,No
CUST00670,Female,0,5,No,Fiber optic,93.85,441.15,No
CUST00671,Male,0,43,No,DSL,92.96,4180.63,No
CUST00672,Male,0,45,No,DSL,51.94,1910.98,No
CUST00673,Female,1,7,Yes,DSL,75.51,589.21,Yes
CUST00674,Male,0,13,Yes,DSL,80.1,962.1,No
CUST00675,Male,0,29,No,No,24.71,528.22,No
CUST00676,Female,0,71,Yes,DSL,68.13,5176.39,No
CUST00677,Male,1,0,No,Fiber optic,88.59,,Yes
CUST00678,Female,0,1,No,Fiber optic,81.04,71.08,No
CUST00679,Male,0,5,No,DSL,105.62,520.87,Yes
CUST00680,Female,0,4,Yes,DSL,97.82,366.56,Yes
CUST00681,Male,0,44,No,Fiber optic,89.64,4276.48,Yes
CUST00682,Female,1,52,Yes,No,48.8,,No
CUST00683,Female,1,5,Yes,No,97.59,517.18,Yes
CUST00684,Male,0,0,Yes,Fiber optic,80.8,,No
CUST00685,Male,0,54,No,DSL,78.4,3697.47,No
CUST00686,Female,0,16,Yes,Fiber optic,20.16,383.27,No
CUST00687,Male,1,55,No,DSL,97.71,5410.8,No
CUST00688,Male,0,25,No,Fiber optic,91.1,2431.22,Yes
CUST00689,Female,1,64,Yes,Fiber optic,94.57,5638.91,No
CUST00690,Male,0,62,No,Fiber optic,64.39,4219.56,No
CUST00691,Male,0,7,No,No,99.16,658.99,Yes
CUST00692,Male,1,43,No,DSL,80.06,,No
CUST00693,Female,1,12,No,Fiber optic,72.43,944.49,No
CUST00694,Female,0,12,No,Fiber optic,60.01,,No
CUST00695,Male,0,0,No,No,100.85,,Yes
CUST00696,Male,0,71,Yes,Fiber optic,41.26,2828.16,No
CUST00697,Female,1,62,Yes,No,89.58,5003.19,No
CUST00698,Male,0,0,Yes,DSL,102.93,,Yes
CUST00699,Male,0,70,Yes,DSL,66.65,4181.08,No
CUST00700,Female,0,55,No,Fiber optic,43.47,2893.41,No
CUST00701,Female,0,64,Yes,No,60.8,3404.45,No
CUST00702,Male,0,38,Yes,No,83.7,3036.34,No
CUST00703,Male,0,1,No,Fiber optic,97.33,91.31,Yes
CUST00704,Male,1,32,No,DSL,63.73,2030.83,No
CUST00705,Female,0,51,No,No,37.19,2398.84,No
CUST00706,Male,0,1,No,No,70.94,65.79,Yes
CUST00707,Male,0,14,No,DSL,70.06,1054.66,No
CUST00708,Female,0,2,No,No,65.96,136.38,No
CUST00709,Female,0,49,Yes,DSL,76.5,4032.13,No
CUST00710,Male,0,3,Yes,No,81.13,260.1,No
CUST00711,Female,1,41,No,No,70.78,2721.82,Yes
CUST00712,Male,0,9,Yes,No,80.12,761.83,No
CUST00713,Female,0,7,No,No,87.33,546.55,No
CUST00714,Male,0,13,Yes,No,80.52,1140.12,No
CUST00715,Male,1,32,No,Fiber optic,50.39,1409.59,Yes
CUST00716,Male,0,6,No,No,82.61,529.46,Yes
CUST00717,Male,1,32,No,Fiber optic,32.97,1300.3,Yes
CUST00718,Male,0,29,Yes,No,42.92,1338.36,No
CUST00719,Female,1,68,No,Fiber optic,78.89,5059.73,No
CUST00720,Female,0,6,Yes,DSL,99.05,631.83,Yes
CUST00721,Female,0,50,Yes,Fiber optic,31.8,1103.02,No
CUST00722,Female,0,34,Yes,No,85.26,3236.95,No
CUST00723,Male,0,4,Yes,DSL,78.42,347.98,Yes
CUST00724,Male,1,3,Yes,DSL,77.36,236.2,Yes
CUST00725,Male,0,40,No,No,98.52,4300.94,No
CUST00726,Male,1,6,Yes,No,93.89,552.6,Yes
CUST00727,Female,0,6,Yes,Fiber optic,107.11,626.99,No
CUST00728,Female,1,39,No,Fiber optic,42.27,1336.98,No
CUST00729,Female,1,19,Yes,Fiber optic,28.64,636.6,Yes
CUST00730,Female,0,8,No,No,107.76,904.21,No
CUST00731,Female,0,16,Yes,DSL,61.54,1077.01,No
CUST00732,Male,1,38,Yes,DSL,92.81,3325.1,No
CUST00733,Female,0,3,No,Fiber optic,99.45,284.3,Yes
CUST00734,Male,0,72,Yes,DSL,77.48,5857.21,No
CUST00735,Male,0,70,Yes,DSL,98.08,7204.52,No
CUST00736,Female,0,50,No,DSL,50.23,2274.9,No
CUST00737,Male,1,64,Yes,No,82.4,5501.77,Yes
CUST00738,Male,1,12,Yes,Fiber optic,92.74,1074.65,No
CUST00739,Male,0,6,Yes,No,77.36,426.08,No
CUST00740,Male,0,0,No,Fiber optic,97.1,,Yes
CUST00741,Female,1,60,Yes,Fiber optic,68.55,4467.18,No
CUST00742,Male,0,0,Yes,Fiber optic,62.07,,Yes
CUST00743,Male,0,0,No,Fiber optic,106.67,,Yes
CUST00744,Male,0,72,Yes,DSL,45.6,2630.04,No
CUST00745,Female,0,25,No,No,77.49,2031.9,No
CUST00746,Male,1,9,Yes,Fiber optic,91.54,773.94,Yes
CUST00747,Male,0,10,No,Fiber optic,76.54,,Yes
CUST00748,Male,0,64,Yes,Fiber optic,33.36,1564.83,No
CUST00749,Female,0,10,No,Fiber optic,79.3,850.26,Yes
CUST00750,Female,0,0,Yes,DSL,73.95,,No
CUST00751,Male,0,19,Yes,DSL,22.28,366.75,No
CUST00752,Female,0,70,Yes,DSL,39.45,2652.78,No
CUST00753,Female,0,35,Yes,Fiber optic,94.89,3633.79,No
CUST00754,Female,0,28,No,Fiber optic,91.85,2321.42,No
CUST00755,Male,0,2,No,Fiber optic,107.11,197.6,Yes
CUST00756,Female,1,53,No,Fiber optic,93.37,4842.6,Yes
CUST00757,Male,0,24,Yes,No,22.32,327.98,No
CUST00758,Male,0,57,No,DSL,24.56,1865.09,No
CUST00759,Male,0,29,Yes,Fiber optic,49.01,1579.97,No
CUST00760,Female,0,31,Yes,DSL,86.17,2535.15,No
CUST00761,Male,0,10,No,DSL,70.81,708.51,No
CUST00762,Female,0,48,No,DSL,76.01,3639.23,No
CUST00763,Male,0,41,Yes,Fiber optic,60.74,2323.42,No
CUST00764,Male,0,38,No,DSL,85.86,,No
CUST00765,Female,0,7,No,No,78.23,606.17,No
CUST00766,Male,0,52,Yes,Fiber optic,93.9,4898.77,No
CUST00767,Male,0,44,No,DSL,39.29,1366.54,No
CUST00768,Male,0,1,Yes,No,93.56,93.43,Yes
CUST00769,Male,0,69,Yes,Fiber optic,21.37,940.02,No
CUST00770,Male,0,55,No,DSL,82.06,,No
CUST00771,Female,0,5,No,DSL,75.04,353.08,Yes
CUST00772,Male,0,59,Yes,No,58.54,3775.09,No
CUST00773,Male,0,70,Yes,Fiber optic,94.2,6081.95,Yes
CUST00774,Female,0,2,No,DSL,64.64,115.24,No
CUST00775,Male,0,8,No,DSL,94.27,704.52,Yes
CUST00776,Male,1,16,Yes,No,89.25,1578.31,Yes
CUST00777,Male,1,66,No,Fiber optic,69.95,4010.74,Yes
CUST00778,Male,0,16,Yes,DSL,30.04,368.58,No
CUST00779,Male,0,19,Yes,DSL,63.74,1209.38,No
CUST00780,Male,1,8,Yes,Fiber optic,87.18,755.41,No
CUST00781,Male,0,68,Yes,Fiber optic,69.94,5291.36,No
CUST00782,Male,0,70,No,DSL,57.04,3463.55,No
CUST00783,Female,0,2,No,Fiber optic,67.06,145.31,Yes
CUST00784,Female,0,4,Yes,No,90.38,398.85,Yes
CUST00785,Female,0,10,No,DSL,82.76,821.66,Yes
CUST00786,Male,0,4,No,DSL,104.86,447.0,Yes
CUST00787,Female,0,9,Yes,DSL,88.2,868.59,No
CUST00788,Female,0,44,No,DSL,43.73,2071.17,No
CUST00789,Female,0,5,No,No,92.6,429.68,No
CUST00790,Male,0,2,Yes,DSL,105.8,216.25,No
CUST00791,Female,0,5,Yes,DSL,61.73,259.05,No
CUST00792,Female,0,19,Yes,Fiber optic,76.54,1426.21,No
CUST00793,Male,0,7,No,Fiber optic,60.79,435.85,No
CUST00794,Female,0,8,Yes,Fiber optic,71.54,564.97,No
CUST00795,Female,0,61,No,DSL,35.71,1572.14,No
CUST00796,Male,1,35,No,No,50.71,1524.19,No
CUST00797,Female,0,57,No,DSL,31.52,1462.31,No
CUST00798,Male,0,0,No,No,100.64,,No
CUST00799,Female,0,4,No,DSL,89.38,329.98,No
CUST00800,Male,0,17,Yes,No,58.67,974.28,No
CUST00801,Female,0,70,No,DSL,34.51,2508.38,No
CUST00802,Female,0,25,Yes,Fiber optic,85.23,2314.17,Yes
CUST00803,Female,0,34,No,DSL,98.45,3119.68,No
CUST00804,Male,1,49,No,Fiber optic,39.67,2296.65,Yes
CUST00805,Female,0,5,No,No,82.69,380.54,No
CUST00806,Female,0,5,Yes,DSL,94.42,518.15,No
CUST00807,Female,0,2,No,No,92.22,194.06,Yes
CUST00808,Male,0,11,No,DSL,86.55,977.55,Yes
CUST00809,Male,0,24,No,Fiber optic,37.26,731.94,Yes
CUST00810,Male,0,19,No,Fiber optic,85.8,1768.4,No
CUST00811,Female,0,12,No,DSL,25.72,355.8,No
CUST00812,Female,1,39,No,DSL,55.31,2520.3,Yes
CUST00813,Male,0,0,No,Fiber optic,67.06,,No
CUST00814,Female,0,60,Yes,DSL,59.2,3843.7,No
CUST00815,Male,0,52,No,DSL,72.44,3445.19,No
CUST00816,Female,0,4,Yes,Fiber optic,74.67,272.44,Yes
CUST00817,Male,0,8,No,DSL,62.18,471.04,No
CUST00818,Male,0,49,No,Fiber optic,96.64,5001.77,No
CUST00819,Female,0,10,Yes,Fiber optic,69.77,771.49,Yes
CUST00820,Male,0,11,Yes,Fiber optic,74.98,754.14,Yes
CUST00821,Male,0,56,Yes,DSL,86.28,5347.84,No
CUST00822,Female,0,9,Yes,No,102.2,914.6,Yes
CUST00823,Female,0,25,Yes,DSL,84.69,1893.07,No
CUST00824,Female,0,51,Yes,Fiber optic,27.41,1669.55,No
CUST00825,Female,1,5,No,Fiber optic,97.69,507.15,No
CUST00826,Male,0,11,Yes,No,79.32,798.77,No
CUST00827,Female,0,1,Yes,DSL,98.77,89.65,Yes
CUST00828,Male,1,65,No,DSL,99.05,6693.39,Yes
CUST00829,Male,0,32,Yes,Fiber optic,43.88,1663.11,No
CUST00830,Male,0,54,No,No,37.98,2031.27,No
CUST00831,Male,0,10,No,No,66.51,750.08,No
CUST00832,Female,0,12,Yes,DSL,60.71,843.83,No
CUST00833,Male,0,10,No,DSL,105.28,1055.64,Yes
CUST00834,Female,0,69,No,Fiber optic,93.4,5821.21,No
CUST00835,Female,0,1,No,DSL,74.55,72.64,Yes
CUST00836,Male,0,63,No,No,36.13,2309.61,No
CUST00837,Male,0,9,Yes,DSL,63.35,646.78,No
CUST00838,Male,0,58,Yes,DSL,46.12,2606.93,No
CUST00839,Female,1,6,No,DSL,76.03,475.25,No
CUST00840,Male,0,8,Yes,Fiber optic,85.93,668.38,Yes
CUST00841,Female,0,5,No,No,96.73,466.52,Yes
CUST00842,Male,0,1,Yes,DSL,71.62,72.96,Yes
CUST00843,Female,0,19,Yes,Fiber optic,97.01,1730.78,No
CUST00844,Male,0,66,No,Fiber optic,91.37,6556.31,Yes
CUST00845,Male,0,68,No,No,68.85,5216.98,No
CUST00846,Male,0,3,No,Fiber optic,86.66,280.26,Yes
CUST00847,Male,1,43,No,No,27.18,844.77,Yes
CUST00848,Male,0,50,Yes,Fiber optic,45.81,2746.1,No
CUST00849,Male,0,14,No,Fiber optic,72.45,891.46,No
CUST00850,Male,0,34,Yes,DSL,83.66,2511.8,No
CUST00851,Male,0,34,Yes,No,78.07,2332.32,No
CUST00852,Female,0,46,No,No,64.1,3227.96,No
CUST00853,Female,0,29,Yes,DSL,63.9,1602.13,No
CUST00854,Male,0,9,No,DSL,67.58,547.75,No
CUST00855,Male,0,16,No,DSL,27.49,433.32,No
CUST00856,Female,0,2,Yes,DSL,75.73,155.43,Yes
CUST00857,Female,0,4,Yes,DSL,106.88,,Yes
CUST00858,Female,1,41,No,No,96.34,4229.24,No
CUST00859,Male,0,21,Yes,Fiber optic,93.08,1880.0,No
CUST00860,Female,0,70,Yes,DSL,47.04,3715.04,No
CUST00861,Female,1,5,Yes,DSL,108.27,493.7,No
CUST00862,Male,0,64,No,Fiber optic,31.92,2525.56,No
CUST00863,Female,0,4,Yes,DSL,72.66,254.54,No
CUST00864,Male,0,51,Yes,No,55.83,2980.99,No
CUST00865,Male,1,3,Yes,No,76.49,257.18,Yes
CUST00866,Male,0,8,Yes,No,80.73,593.23,Yes
CUST00867,Female,0,10,Yes,Fiber optic,87.12,830.75,Yes
CUST00868,Male,0,58,Yes,No,58.61,3092.0,No
CUST00869,Female,0,35,No,DSL,21.29,612.54,No
CUST00870,Male,1,57,No,No,58.14,,No
CUST00871,Male,0,22,Yes,Fiber optic,56.56,1118.27,No
CUST00872,Female,1,4,Yes,Fiber optic,78.04,345.79,Yes
CUST00873,Male,1,58,Yes,Fiber optic,20.95,1587.84,Yes
CUST00874,Female,0,5,No,No,109.45,530.99,Yes
CUST00875,Female,0,65,No,DSL,25.9,2134.03,No
CUST00876,Male,0,34,No,DSL,35.72,1045.63,No
CUST00877,Female,1,67,No,DSL,64.74,4630.77,No
CUST00878,Female,0,12,Yes,No,36.83,401.39,No
CUST00879,Female,0,60,Yes,Fiber optic,63.72,3414.35,No
CUST00880,Male,1,17,Yes,DSL,85.77,1519.42,No
CUST00881,Male,0,22,No,No,30.88,819.97,No
CUST00882,Male,0,58,No,Fiber optic,66.41,4400.6,Yes
CUST00883,Female,1,65,Yes,DSL,31.18,2557.05,Yes
CUST00884,Male,0,57,Yes,DSL,69.7,3730.04,No
CUST00885,Female,0,28,Yes,Fiber optic,41.79,1170.76,No
CUST00886,Male,1,10,No,DSL,100.93,970.1,Yes
CUST00887,Female,0,27,Yes,DSL,63.94,1991.66,No
CUST00888,Male,0,0,No,Fiber optic,91.82,,Yes
CUST00889,Female,0,16,Yes,Fiber optic,91.61,1440.95,No
CUST00890,Male,0,22,Yes,DSL,28.72,646.47,No
CUST00891,Male,0,12,Yes,Fiber optic,40.24,586.95,No
CUST00892,Female,0,49,No,Fiber optic,84.16,4136.01,Yes
CUST00893,Male,0,34,Yes,No,50.63,1532.77,No
CUST00894,Male,0,1,No,No,87.79,90.68,No
CUST00895,Male,0,8,No,Fiber optic,62.57,450.95,No
CUST00896,Male,1,48,Yes,Fiber optic,23.81,953.6,No
CUST00897,Female,1,1,Yes,No,107.92,112.19,No
CUST00898,Female,1,4,No,Fiber optic,103.8,,Yes
CUST00899,Male,0,35,No,No,72.02,2684.56,No
CUST00900,Female,0,35,Yes,Fiber optic,36.64,1513.12,Yes
CUST00901,Female,1,62,Yes,Fiber optic,69.81,4791.23,Yes
CUST00902,Female,0,0,Yes,DSL,69.28,,No
CUST00903,Female,0,3,No,No,66.69,223.94,No
CUST00904,Female,0,2,No,Fiber optic,91.09,179.38,Yes
CUST00905,Male,0,5,No,DSL,102.17,477.78,No
CUST00906,Female,0,45,No,DSL,50.62,1853.33,No
CUST00907,Male,0,69,No,Fiber optic,98.29,7354.74,Yes
CUST00908,Female,0,12,Yes,DSL,81.34,930.62,No
CUST00909,Male,0,67,No,No,72.92,5082.13,No
CUST00910,Female,0,53,No,DSL,82.8,4064.3,No
CUST00911,Female,0,12,Yes,No,50.74,639.23,No
CUST00912,Male,0,60,No,DSL,42.21,2490.24,No
CUST00913,Female,0,40,No,DSL,98.46,3980.39,No
CUST00914,Female,0,2,Yes,No,91.03,194.22,No
CUST00915,Female,0,10,No,Fiber optic,101.79,1004.79,Yes
CUST00916,Male,0,8,Yes,No,103.72,884.07,Yes
CUST00917,Male,0,4,No,Fiber optic,86.4,343.45,Yes
CUST00918,Male,0,51,Yes,No,85.62,4093.15,No
CUST00919,Female,1,32,No,DSL,20.75,582.52,No
CUST00920,Female,0,5,Yes,Fiber optic,63.09,311.09,No
CUST00921,Female,0,47,Yes,No,83.81,3851.67,No
CUST00922,Male,0,1,Yes,Fiber optic,89.06,95.06,Yes
CUST00923,Male,0,66,No,DSL,36.93,2651.61,No
CUST00924,Male,0,10,Yes,Fiber optic,79.85,787.34,Yes
CUST00925,Male,0,7,No,No,76.89,490.87,Yes
CUST00926,Male,0,58,Yes,DSL,99.23,5833.9,No
CUST00927,Male,1,10,No,DSL,105.13,1007.4,No
CUST00928,Female,0,72,Yes,No,84.42,5548.37,No
CUST00929,Female,0,10,No,DSL,109.34,,No
CUST00930,Female,1,34,No,No,59.94,1984.27,No
CUST00931,Male,1,8,No,DSL,87.99,692.7,Yes
CUST00932,Female,0,57,Yes,Fiber optic,92.1,4703.93,Yes
CUST00933,Male,1,9,No,No,83.8,736.3,No
CUST00934,Female,0,35,Yes,No,25.14,1203.33,No
CUST00935,Female,0,16,Yes,Fiber optic,86.7,1387.77,No
CUST00936,Male,1,2,Yes,Fiber optic,109.42,214.28,No
CUST00937,Male,1,52,Yes,Fiber optic,60.44,2860.58,Yes
CUST00938,Male,0,51,Yes,DSL,24.79,1466.41,No
CUST00939,Male,0,33,Yes,No,46.7,1738.72,No
CUST00940,Male,0,38,Yes,Fiber optic,37.86,1333.96,Yes
CUST00941,Male,0,53,Yes,DSL,96.83,5272.25,No
CUST00942,Male,0,20,Yes,No,67.96,1244.63,No
CUST00943,Male,0,8,Yes,Fiber optic,76.86,678.72,Yes
CUST00944,Female,0,55,No,DSL,88.68,5210.52,No
CUST00945,Male,0,35,No,No,71.81,2517.02,No
CUST00946,Male,0,68,Yes,Fiber optic,48.62,3347.34,No
CUST00947,Male,0,10,No,DSL,103.89,1074.14,Yes
CUST00948,Female,0,57,Yes,DSL,22.24,1060.03,No
CUST00949,Female,0,49,No,DSL,96.07,4582.5,No
CUST00950,Female,0,70,No,Fiber optic,54.44,4025.08,No
CUST00951,Female,0,10,Yes,DSL,68.22,774.86,No
CUST00952,Female,0,43,Yes,Fiber optic,64.74,2612.53,No
CUST00953,Male,0,20,No,Fiber optic,78.08,1404.58,Yes
CUST00954,Female,0,48,Yes,DSL,82.39,3788.46,No
CUST00955,Male,0,9,No,Fiber optic,90.63,874.18,Yes
CUST00956,Female,0,70,Yes,Fiber optic,32.18,1713.8,No
CUST00957,Male,0,2,Yes,Fiber optic,79.74,150.3,No
CUST00958,Male,0,9,Yes,No,66.7,609.53,No
CUST00959,Male,0,14,No,No,30.17,515.41,No
CUST00960,Male,1,9,No,Fiber optic,102.85,856.92,No
CUST00961,Male,0,71,No,Fiber optic,77.45,,No
CUST00962,Male,0,54,No,Fiber optic,58.36,3116.42,No
CUST00963,Male,1,53,No,No,39.26,2405.75,No
CUST00964,Male,1,6,No,Fiber optic,66.66,347.23,No
CUST00965,Male,0,1,Yes,Fiber optic,77.41,86.62,No
CUST00966,Female,0,68,Yes,Fiber optic,54.89,3436.73,No
CUST00967,Male,0,59,Yes,Fiber optic,41.38,2532.71,No
CUST00968,Female,0,31,No,No,71.39,2213.97,No
CUST00969,Male,0,2,No,DSL,74.77,156.43,Yes
CUST00970,Female,0,5,No,Fiber optic,76.11,348.96,No
CUST00971,Female,1,3,No,Fiber optic,67.66,217.97,Yes
CUST00972,Male,0,6,Yes,DSL,76.12,514.6,Yes
CUST00973,Female,1,64,No,Fiber optic,20.86,1061.77,No
CUST00974,Male,0,18,No,Fiber optic,95.48,1790.27,Yes
CUST00975,Male,1,3,No,DSL,93.49,309.56,Yes
CUST00976,Male,0,9,No,Fiber optic,75.13,757.44,No
CUST00977,Female,0,0,Yes,DSL,97.09,,Yes
CUST00978,Male,1,13,No,No,71.89,,Yes
CUST00979,Male,1,1,No,DSL,86.06,81.98,No
CUST00980,Male,0,0,Yes,Fiber optic,99.62,,No
CUST00981,Male,0,33,Yes,DSL,65.54,1927.25,No
CUST00982,Male,0,60,No,DSL,33.7,1776.46,No
CUST00983,Female,0,0,Yes,No,98.08,,No
CUST00984,Male,1,12,No,Fiber optic,69.59,746.85,Yes
CUST00985,Female,0,7,No,DSL,108.47,772.3,No
CUST00986,Male,0,27,No,Fiber optic,89.09,2413.79,Yes
CUST00987,Male,0,42,Yes,DSL,25.45,653.06,No
CUST00988,Male,0,9,Yes,DSL,72.73,674.8,No
CUST00989,Male,0,26,Yes,No,36.56,991.1,No
CUST00990,Male,0,16,Yes,Fiber optic,66.43,,Yes
CUST00991,Male,0,11,Yes,Fiber optic,86.19,932.26,Yes
CUST00992,Male,0,8,Yes,Fiber optic,95.28,786.32,No
CUST00993,Female,0,41,Yes,DSL,48.07,1868.52,No
CUST00994,Female,0,71,Yes,Fiber optic,44.98,2526.86,Yes
CUST00995,Female,0,20,No,Fiber optic,71.66,1389.28,Yes
CUST00996,Male,1,1,Yes,No,97.09,94.14,Yes
CUST00997,Male,0,53,No,DSL,41.95,2714.44,No
CUST00998,Female,0,28,No,DSL,50.02,1632.59,No
CUST00999,Male,0,58,Yes,No,40.63,2484.96,No
CUST01000,Male,0,4,Yes,No,81.48,326.52,Yes
